customerID,gender,SeniorCitizen,tenure,Partner,Dependents,InternetService,Contract,MonthlyCharges,Churn
1024-GUALD,Female,0,1,Yes,No,DSL,Month-to-month,24.8,Yes
0484-JPBRU,Male,0,41,No,No,No,Month-to-month,25.25,No
3620-EHIMZ,Female,0,52,Yes,Yes,No,Two year,19.35,No
6910-HADCM,Female,0,1,No,No,Fiber optic,Month-to-month,76.35,Yes
8587-XYZSF,Male,0,67,No,No,DSL,Two year,50.55,No
6818-WOBHJ,Female,1,68,Yes,No,Fiber optic,Month-to-month,89.6,Yes
3082-YVEKW,Female,0,23,Yes,Yes,DSL,Two year,77.15,No
4737-AQCPU,Male,0,72,Yes,Yes,DSL,Two year,72.1,No
4853-RULSV,Male,0,70,No,No,Fiber optic,Two year,104.0,Yes
5766-ZJYBB,Male,0,1,No,No,No,Month-to-month,19.4,Yes
2668-TZSPS,Male,0,1,No,No,No,Month-to-month,20.45,No
3192-LNKRK,Male,0,34,Yes,Yes,Fiber optic,Month-to-month,84.05,No
5315-CKEQK,Male,1,28,Yes,Yes,DSL,One year,51.0,No
5914-DVBWJ,Female,1,18,No,No,Fiber optic,Month-to-month,85.45,Yes
7998-ZLXWN,Female,0,15,Yes,No,No,Month-to-month,20.45,No
6328-ZPBGN,Female,1,11,No,No,Fiber optic,Month-to-month,95.15,Yes
9530-EHPOH,Male,0,11,No,No,DSL,Month-to-month,53.75,Yes
1853-UDXBW,Male,0,1,Yes,Yes,Fiber optic,Month-to-month,70.0,Yes
2672-TGEFF,Female,0,37,Yes,Yes,Fiber optic,Month-to-month,88.8,No
1902-XBTFB,Male,0,22,No,Yes,Fiber optic,Month-to-month,89.4,Yes
1640-PLFMP,Female,0,1,No,No,Fiber optic,Month-to-month,70.25,No
3679-XASPY,Female,0,1,Yes,Yes,No,Month-to-month,19.45,No
7356-IWLFW,Male,0,46,Yes,Yes,Fiber optic,Month-to-month,80.0,No
9036-CSKBW,Female,0,51,No,No,Fiber optic,One year,107.45,No
8952-WCVCD,Female,0,41,Yes,No,Fiber optic,One year,104.45,No
2100-BDNSN,Female,0,5,Yes,No,DSL,Month-to-month,67.95,Yes
2869-ADAWR,Female,0,45,No,No,Fiber optic,Month-to-month,89.3,Yes
5832-EXGTT,Male,0,29,Yes,Yes,DSL,Month-to-month,60.2,No
9402-ORRAH,Female,1,15,No,No,Fiber optic,Month-to-month,91.5,No
4967-WPNCF,Male,0,72,No,No,DSL,Two year,63.7,No
8033-VCZGH,Male,0,50,Yes,No,Fiber optic,One year,103.95,No
9392-XBGTD,Male,0,27,No,Yes,No,Two year,20.6,No
0078-XZMHT,Male,0,72,Yes,No,DSL,Two year,85.15,No
0743-HNPFG,Female,0,51,Yes,Yes,DSL,One year,69.75,No
5334-JLAXU,Female,0,60,Yes,No,Fiber optic,Month-to-month,94.1,No
5696-EXCYS,Male,0,17,No,No,No,Two year,19.45,No
2569-WGERO,Female,0,72,No,No,No,Two year,21.15,No
5219-YIPTK,Female,0,33,Yes,No,Fiber optic,Month-to-month,104.4,Yes
5553-AOINX,Female,1,66,Yes,Yes,Fiber optic,One year,104.9,No
5502-RLUYV,Female,0,69,Yes,Yes,Fiber optic,Month-to-month,103.95,Yes
2058-DCJBE,Male,0,5,No,No,Fiber optic,Month-to-month,69.75,Yes
2293-IJWPS,Female,0,57,Yes,No,Fiber optic,One year,100.75,No
7130-VTEWQ,Female,1,8,No,No,Fiber optic,Month-to-month,75.75,Yes
0080-EMYVY,Female,0,14,No,No,DSL,One year,51.45,No
0148-DCDOS,Male,0,25,No,No,Fiber optic,Month-to-month,94.7,Yes
9170-ARBTB,Female,0,52,Yes,Yes,No,One year,19.6,No
2070-FNEXE,Female,1,7,No,No,Fiber optic,Month-to-month,76.45,Yes
5364-EVNIB,Male,0,13,No,No,Fiber optic,Month-to-month,79.8,Yes
1112-CUNAO,Female,1,15,No,No,Fiber optic,Month-to-month,89.85,Yes
4576-CSAJH,Male,0,22,No,No,DSL,One year,55.15,Yes
9967-ATRFS,Female,0,19,No,No,No,Month-to-month,19.9,No
1360-RCYRT,Male,0,23,Yes,Yes,DSL,Month-to-month,30.35,No
5038-ETMLM,Female,0,72,Yes,No,Fiber optic,Two year,113.65,No
5663-QBGIS,Male,1,72,Yes,No,Fiber optic,Two year,98.35,No
4194-WHFCB,Female,0,59,Yes,Yes,Fiber optic,Month-to-month,96.65,No
9481-WHGWY,Female,0,70,Yes,Yes,DSL,Two year,75.35,No
5453-YBTWV,Male,0,70,Yes,Yes,Fiber optic,Two year,101.1,No
2018-PZKMU,Male,0,9,Yes,Yes,Fiber optic,Month-to-month,103.1,No
9277-JOOMO,Female,0,3,No,No,No,Month-to-month,24.6,No
3629-ZNKXA,Male,1,17,No,No,Fiber optic,Month-to-month,101.8,No
0369-ZGOVK,Female,0,28,Yes,Yes,Fiber optic,One year,70.4,No
3604-WLABM,Female,0,10,No,No,DSL,Month-to-month,54.25,No
4063-EIKNQ,Male,0,11,Yes,Yes,No,Month-to-month,20.95,No
2878-RMWXY,Male,1,72,Yes,No,Fiber optic,Two year,102.65,No
9540-JYROE,Male,0,8,No,No,Fiber optic,Month-to-month,70.1,Yes
7515-LODFU,Male,1,69,No,No,No,Two year,20.3,No
1839-FBNFR,Female,0,39,Yes,Yes,No,Two year,19.85,No
5397-NSKQG,Male,0,67,Yes,Yes,DSL,Two year,50.9,No
1755-FZQEC,Male,0,39,No,No,No,One year,19.9,No
2160-GPFXD,Male,0,54,Yes,Yes,DSL,Two year,65.65,No
4415-IJZTP,Female,0,1,No,No,Fiber optic,Month-to-month,74.5,Yes
9880-TDQAC,Female,0,72,Yes,Yes,DSL,Two year,60.0,No
5138-WVKYJ,Male,0,10,No,No,Fiber optic,Month-to-month,98.55,Yes
8844-TONUD,Male,0,13,Yes,Yes,Fiber optic,Month-to-month,96.65,Yes
0080-OROZO,Female,0,35,No,No,Fiber optic,One year,99.25,No
0953-LGOVU,Male,0,12,Yes,Yes,DSL,Month-to-month,35.5,No
5325-UWTWJ,Male,0,31,Yes,No,Fiber optic,Month-to-month,90.55,No
1074-AMIOH,Female,0,53,Yes,Yes,Fiber optic,Month-to-month,108.25,No
5906-BFOZT,Male,0,1,No,No,No,Month-to-month,19.5,No
7026-YMSBE,Male,0,30,No,No,No,One year,19.7,No
6572-ADKRS,Female,0,46,No,No,Fiber optic,Month-to-month,74.8,No
5922-ABDVO,Female,0,19,Yes,No,Fiber optic,Month-to-month,89.65,Yes
6475-VHUIZ,Female,0,23,Yes,No,DSL,Month-to-month,54.25,No
1324-NLTJE,Female,1,15,No,No,DSL,Month-to-month,55.0,Yes
4361-FEBGN,Male,0,48,No,No,No,Two year,20.15,No
8393-DLHGA,Male,0,25,No,Yes,Fiber optic,Month-to-month,95.9,Yes
6769-DCQLI,Male,0,52,No,No,Fiber optic,One year,105.0,Yes
3018-TFTSU,Male,0,12,No,No,Fiber optic,Month-to-month,81.7,Yes
2324-AALNO,Female,0,48,No,No,No,One year,24.55,No
2300-RQGOI,Female,0,38,No,No,No,Two year,20.05,No
6133-OZILE,Female,0,18,No,No,DSL,Month-to-month,35.2,No
7605-SNLQG,Female,0,45,Yes,No,DSL,Month-to-month,50.25,No
5348-CAGXB,Male,0,12,No,No,Fiber optic,Month-to-month,89.55,No
0201-MIBOL,Female,1,66,No,No,Fiber optic,Two year,102.4,No
7083-MIOPC,Female,0,72,No,No,No,Two year,20.25,No
0562-KBDVM,Female,0,70,No,No,DSL,Two year,44.6,No
1173-NOEYG,Female,0,27,Yes,No,Fiber optic,Month-to-month,90.15,No
7698-YFGEZ,Male,0,1,No,No,No,Month-to-month,20.0,No
9061-TIHDA,Male,1,13,Yes,No,Fiber optic,Month-to-month,95.25,Yes
0016-QLJIS,Female,0,65,Yes,Yes,DSL,Two year,90.45,No
7296-PIXQY,Female,0,14,Yes,Yes,Fiber optic,Month-to-month,70.2,No
9102-IAYHT,Female,0,17,Yes,Yes,Fiber optic,Month-to-month,85.45,Yes
6447-EGDIV,Female,0,31,No,No,No,One year,20.95,No
3460-TJBWI,Male,0,24,Yes,Yes,No,Two year,24.2,No
3744-ZBHON,Female,0,3,No,No,No,Month-to-month,20.2,No
1092-GANHU,Male,0,17,No,No,Fiber optic,Month-to-month,76.65,Yes
3948-KXDUF,Male,0,66,No,No,DSL,Two year,68.75,No
7284-ZZLOH,Male,0,45,Yes,No,DSL,Two year,53.3,No
6745-JEFZB,Male,0,35,Yes,No,Fiber optic,Month-to-month,91.5,No
2606-PKWJB,Male,0,40,No,Yes,DSL,One year,40.25,No
1624-WOIWJ,Female,0,10,No,No,Fiber optic,Month-to-month,84.7,Yes
8777-PVYGU,Female,0,52,Yes,No,DSL,One year,64.3,No
4770-QAZXN,Female,0,13,No,No,No,Month-to-month,19.45,No
8012-SOUDQ,Female,1,43,No,No,Fiber optic,Month-to-month,90.25,No
5546-BYZSM,Female,0,41,No,No,No,Month-to-month,20.45,No
0523-VNGTF,Female,1,52,No,No,DSL,Month-to-month,50.5,No
3779-OSWCF,Female,0,71,Yes,No,DSL,Two year,93.2,No
8535-SFUTN,Male,0,61,No,No,Fiber optic,Month-to-month,106.45,No
2320-SLKMB,Female,0,26,No,No,DSL,Month-to-month,44.45,No
7169-YWAMK,Male,0,72,Yes,Yes,DSL,Two year,68.4,No
8434-PNQZX,Female,0,42,No,No,DSL,Two year,78.45,No
4981-FLTMF,Female,0,57,Yes,Yes,DSL,Month-to-month,65.2,No
9424-CMPOG,Male,0,9,Yes,Yes,No,Two year,19.6,No
3627-FCRDW,Female,0,9,No,No,Fiber optic,Month-to-month,71.0,Yes
1518-OMDIK,Male,0,33,Yes,No,DSL,Month-to-month,44.55,No
8393-JMVMB,Male,0,1,No,No,No,Month-to-month,19.45,No
7638-QVMVY,Female,0,7,No,No,Fiber optic,Month-to-month,79.0,Yes
6140-QNRQQ,Male,0,1,No,No,Fiber optic,Month-to-month,71.55,Yes
7969-FFOWG,Male,0,65,Yes,Yes,No,Two year,19.9,No
1342-JPNKI,Male,0,10,No,No,Fiber optic,Month-to-month,86.05,Yes
7080-TNUWP,Male,0,70,Yes,No,Fiber optic,One year,95.0,No
8949-JTMAY,Female,0,29,No,No,Fiber optic,Month-to-month,98.6,Yes
0654-HMSHN,Male,0,21,Yes,Yes,Fiber optic,Month-to-month,104.4,Yes
2725-KXXWT,Male,0,1,Yes,No,Fiber optic,Month-to-month,90.75,Yes
2439-QKJUL,Male,0,5,No,No,No,Month-to-month,20.25,No
1935-IMVBB,Male,0,56,Yes,No,Fiber optic,Month-to-month,89.7,No
4628-WQCQQ,Male,0,35,No,Yes,Fiber optic,One year,85.15,Yes
3724-BSCVH,Male,0,10,Yes,Yes,No,One year,20.45,No
7605-BDWDC,Female,0,31,No,No,DSL,Two year,49.85,No
7137-RYLPP,Male,1,37,Yes,No,Fiber optic,Month-to-month,85.7,Yes
3207-OYBWH,Male,1,57,Yes,No,Fiber optic,Month-to-month,95.25,Yes
4707-YNOQA,Female,0,34,Yes,Yes,No,One year,25.6,No
6956-SMUCM,Female,0,3,No,No,Fiber optic,Month-to-month,99.0,Yes
8714-CTZJW,Female,0,4,No,No,Fiber optic,Month-to-month,82.85,No
3662-FXJFO,Female,0,54,No,No,No,Two year,20.5,No
7623-HKYRK,Male,0,6,No,Yes,No,Month-to-month,19.7,No
1353-GHZOS,Male,0,22,Yes,No,DSL,One year,59.75,No
3323-CPBWR,Male,0,23,No,No,Fiber optic,Month-to-month,96.9,No
6152-ONASV,Female,0,68,Yes,No,DSL,One year,58.25,No
9251-AWQGT,Female,0,48,Yes,Yes,No,Two year,20.0,No
4803-LBYPN,Male,0,34,Yes,Yes,No,Month-to-month,20.8,No
8879-ZKJOF,Female,0,41,No,No,DSL,One year,79.85,No
7354-OIJLX,Male,0,9,No,No,Fiber optic,Month-to-month,75.85,No
9129-UXERG,Female,1,18,No,No,Fiber optic,Month-to-month,103.6,No
5302-BDJNT,Male,0,35,No,No,Fiber optic,Month-to-month,95.5,No
7148-XZPHA,Male,0,55,Yes,Yes,Fiber optic,Month-to-month,79.4,No
2651-ZCBXV,Male,0,54,No,No,Fiber optic,Two year,108.0,No
1304-NECVQ,Female,1,2,No,No,Fiber optic,Month-to-month,78.55,Yes
3374-TTZTK,Male,0,52,Yes,No,Fiber optic,Two year,106.3,No
0229-LFJAF,Male,0,72,No,No,DSL,Two year,69.65,No
1304-BCCFO,Male,0,9,Yes,No,DSL,Month-to-month,70.05,No
0455-XFASS,Female,0,3,Yes,Yes,Fiber optic,Month-to-month,69.55,No
0221-WMXNQ,Male,1,4,No,No,Fiber optic,Month-to-month,75.35,No
2882-WDTBA,Male,0,69,Yes,Yes,DSL,Two year,75.75,No
8069-RHUXK,Female,0,67,Yes,Yes,DSL,Two year,35.7,No
4806-KEXQR,Male,0,4,No,No,Fiber optic,Month-to-month,79.9,Yes
2817-NTQDO,Male,0,13,No,No,DSL,Month-to-month,45.55,Yes
3230-IUALN,Female,0,45,Yes,Yes,DSL,Two year,81.0,No
6500-JVEGC,Male,0,68,No,No,Fiber optic,One year,101.35,No
7103-ZGVNT,Female,0,69,Yes,Yes,DSL,One year,73.7,No
1837-YQUCE,Female,0,70,No,No,DSL,Two year,58.35,No
4800-VHZKI,Female,0,1,No,No,No,Month-to-month,19.9,Yes
3887-PBQAO,Female,0,45,Yes,Yes,No,One year,25.9,No
5177-RVZNU,Female,0,37,No,Yes,No,One year,20.3,No
1729-VLAZJ,Female,0,10,No,Yes,DSL,One year,40.25,No
4273-MBHYA,Female,0,1,No,Yes,Fiber optic,Month-to-month,89.35,No
8690-UPCZI,Male,0,29,Yes,Yes,DSL,One year,69.05,No
6374-NTQLP,Male,1,72,Yes,Yes,Fiber optic,Two year,104.1,No
1618-CFHME,Female,0,2,No,No,Fiber optic,Month-to-month,75.9,Yes
4104-PVRPS,Male,0,24,Yes,No,DSL,Month-to-month,53.6,No
4210-QFJMF,Female,0,4,No,No,Fiber optic,Month-to-month,79.15,Yes
5787-KXGIY,Male,0,72,Yes,No,No,Two year,19.3,No
3088-LHEFH,Female,0,11,No,No,Fiber optic,Month-to-month,79.0,No
8896-RAZCR,Female,0,44,No,Yes,No,Two year,19.9,No
7268-WNTCP,Male,0,62,Yes,Yes,No,Two year,20.45,No
5854-KSRBJ,Male,0,70,Yes,Yes,No,Two year,25.4,No
9907-SWKKF,Female,1,1,No,No,DSL,Month-to-month,25.05,Yes
3932-CMDTD,Female,0,4,No,No,Fiber optic,One year,105.65,Yes
5277-ZLOOR,Female,1,2,No,No,Fiber optic,Month-to-month,85.55,Yes
2746-DIJLO,Female,0,41,No,No,DSL,One year,56.3,No
9174-FKWZE,Female,1,1,No,No,No,Month-to-month,19.45,Yes
9919-FZDED,Male,1,72,Yes,No,DSL,Two year,84.1,No
9488-FYQAU,Female,0,63,Yes,No,Fiber optic,Two year,109.25,No
6869-FGJJC,Male,0,68,No,No,Fiber optic,One year,79.6,No
3349-ANQNH,Female,1,59,No,No,Fiber optic,One year,99.5,No
0222-CNVPT,Male,1,52,No,No,DSL,Month-to-month,48.8,No
6900-PXRMS,Male,1,26,Yes,Yes,Fiber optic,Month-to-month,105.75,Yes
0230-WEQUW,Male,0,66,Yes,No,DSL,Two year,56.6,No
7629-WFGLW,Female,1,56,Yes,No,Fiber optic,One year,95.65,No
2235-EZAIK,Female,0,72,Yes,No,DSL,Two year,79.2,No
5119-NZPTV,Male,1,2,Yes,No,Fiber optic,Month-to-month,70.1,No
4282-MSACW,Male,0,68,No,No,Fiber optic,One year,117.2,No
7711-YIJWC,Male,0,61,Yes,Yes,DSL,One year,84.9,No
8749-CLJXC,Male,0,1,No,No,No,Month-to-month,20.05,No
7636-XUHWW,Male,0,2,No,No,No,Month-to-month,19.9,No
0883-EIBTI,Female,0,2,No,No,No,Month-to-month,19.5,Yes
4098-NAUKP,Male,1,68,Yes,Yes,Fiber optic,Month-to-month,84.65,No
0701-TJSEF,Male,0,9,No,No,DSL,Month-to-month,68.25,No
0689-NKYLF,Male,0,13,No,No,Fiber optic,Month-to-month,83.2,Yes
9867-NNXLC,Female,0,22,No,No,No,Month-to-month,20.05,No
9337-SRRNI,Male,0,66,No,Yes,No,Two year,25.3,No
1850-AKQEP,Male,0,8,No,Yes,No,Month-to-month,20.35,No
5600-KTXFM,Male,0,2,Yes,Yes,Fiber optic,Month-to-month,69.95,No
7055-HNEOJ,Male,0,3,Yes,No,DSL,Month-to-month,55.8,No
2462-XIIJB,Male,0,5,No,No,Fiber optic,Month-to-month,92.5,Yes
7277-KAMWT,Male,0,13,No,No,No,Two year,20.0,No
7691-KGKGP,Male,0,53,Yes,Yes,DSL,Month-to-month,65.0,No
7808-DVWEP,Male,0,3,Yes,No,No,Month-to-month,20.0,No
2379-GYFLQ,Male,0,46,No,No,Fiber optic,One year,94.9,No
7325-ENZFI,Female,0,39,No,No,DSL,One year,40.3,No
8800-ZKRFW,Female,0,30,Yes,Yes,Fiber optic,Month-to-month,107.5,No
9133-AYJZG,Female,0,23,No,No,Fiber optic,Month-to-month,98.7,No
6772-WFQRD,Male,0,40,No,Yes,No,One year,20.4,No
9670-BPNXF,Female,0,45,No,No,DSL,One year,62.55,No
2675-IJRGJ,Male,0,53,No,No,No,Two year,19.65,No
4829-ZLJTK,Female,1,72,Yes,No,Fiber optic,Two year,112.4,No
9950-MTGYX,Male,0,28,Yes,Yes,No,Two year,20.3,No
9755-JHNMN,Female,0,49,No,No,DSL,Two year,67.4,No
3746-EUBYR,Male,0,1,Yes,No,Fiber optic,Month-to-month,74.6,Yes
7929-DMBCV,Female,0,20,Yes,No,Fiber optic,Month-to-month,81.0,No
9640-ZSLDC,Female,0,53,Yes,Yes,DSL,One year,60.6,No
7197-VOJMM,Male,0,67,Yes,No,DSL,Two year,69.2,No
2696-NARTR,Male,0,11,No,No,Fiber optic,Month-to-month,73.85,Yes
0689-DSXGL,Female,0,52,Yes,Yes,Fiber optic,Month-to-month,85.8,No
7294-TMAOP,Female,0,1,No,No,Fiber optic,Month-to-month,90.55,Yes
6177-PEVRA,Female,0,48,No,No,DSL,Two year,55.5,No
7410-YTJIK,Female,0,7,No,No,Fiber optic,Month-to-month,75.45,Yes
1410-RSCMR,Male,0,7,Yes,Yes,DSL,Month-to-month,71.35,No
8800-JOOCF,Female,0,12,No,Yes,Fiber optic,Month-to-month,84.05,No
4526-EXKKN,Male,0,40,No,No,No,Two year,24.6,No
0813-TAXXS,Male,0,55,No,No,DSL,Two year,77.8,No
2320-TZRRH,Female,0,20,No,No,No,One year,19.5,No
0841-NULXI,Male,0,1,No,No,DSL,Month-to-month,35.55,Yes
2725-TTRIQ,Female,0,72,Yes,Yes,DSL,Two year,84.2,No
4778-IZARL,Male,0,63,Yes,No,Fiber optic,Two year,110.1,No
2535-PBCGC,Female,0,70,Yes,No,DSL,Two year,64.55,No
3629-WEAAM,Female,0,8,No,No,DSL,Month-to-month,64.1,No
6128-CZOMY,Female,0,1,No,No,DSL,Month-to-month,45.65,Yes
9227-UAQFT,Male,0,16,No,No,No,Two year,19.75,No
0804-XBFBV,Female,0,11,No,Yes,DSL,Month-to-month,25.2,No
4503-BDXBD,Male,0,11,No,No,Fiber optic,Month-to-month,74.95,Yes
9626-VFRGG,Female,0,41,No,Yes,Fiber optic,Month-to-month,88.5,No
4994-OBRSZ,Male,0,14,No,Yes,DSL,Two year,76.1,No
3654-ARMGP,Female,0,61,No,No,DSL,Two year,88.65,No
0829-XXPLX,Female,0,20,No,No,Fiber optic,Month-to-month,89.4,No
8938-UMKPI,Female,0,47,No,No,Fiber optic,Month-to-month,106.4,Yes
4854-SSLTN,Male,0,2,Yes,Yes,DSL,Two year,59.5,No
9720-JJJOR,Male,0,41,Yes,Yes,DSL,One year,60.3,No
1926-QUZNN,Female,0,72,Yes,No,No,Two year,25.25,No
4900-MSOMT,Female,0,72,Yes,Yes,DSL,Two year,80.2,No
8910-ICHIU,Female,0,46,No,No,Fiber optic,One year,95.65,No
4892-VLANZ,Male,0,1,No,No,No,Month-to-month,19.8,Yes
0076-LVEPS,Male,0,29,No,Yes,DSL,Month-to-month,45.0,No
1666-JXLKU,Female,0,37,No,No,Fiber optic,Month-to-month,100.05,No
4003-FUSHP,Male,0,19,No,No,DSL,Month-to-month,61.55,No
7696-AMHOD,Female,0,49,Yes,Yes,DSL,One year,78.0,No
8082-GHXOP,Male,0,13,No,Yes,DSL,Month-to-month,44.0,No
5445-GLVOT,Female,0,22,No,No,DSL,Month-to-month,49.8,No
5195-KPUNQ,Female,1,53,No,No,Fiber optic,One year,96.75,No
3948-XHGNA,Male,0,24,No,No,DSL,Month-to-month,49.55,Yes
9624-EGDEQ,Female,0,37,No,No,No,Two year,19.8,No
7551-DACSP,Male,0,6,Yes,Yes,DSL,Month-to-month,55.3,Yes
8128-YVJRG,Female,0,7,No,No,Fiber optic,Month-to-month,79.65,Yes
1038-ZAGBI,Female,0,12,Yes,Yes,No,One year,19.8,Yes
9153-BTBVV,Female,0,71,Yes,No,No,Two year,25.0,No
9470-RTWDV,Male,0,26,Yes,Yes,DSL,One year,82.0,No
7554-AKDQF,Female,0,6,Yes,No,DSL,Month-to-month,45.65,No
7241-AJHFS,Male,0,32,No,No,Fiber optic,Month-to-month,87.65,No
9633-DENPU,Female,0,47,Yes,No,DSL,Month-to-month,58.6,No
5480-XTFFL,Female,0,31,Yes,Yes,No,Two year,21.0,No
7803-XOCCZ,Female,0,52,Yes,Yes,Fiber optic,Month-to-month,84.05,No
6549-BTYPG,Female,0,60,Yes,No,DSL,Two year,60.8,No
9114-AAFQH,Female,0,48,Yes,No,DSL,One year,65.65,No
3572-UUHRS,Male,0,45,No,No,No,One year,18.85,No
7666-WKRON,Female,0,39,No,No,Fiber optic,Two year,80.45,Yes
5192-EBGOV,Female,1,1,No,No,Fiber optic,Month-to-month,85.7,Yes
6502-MJQAE,Male,0,1,No,No,Fiber optic,Month-to-month,69.6,Yes
6400-BWQKW,Female,0,6,No,No,Fiber optic,Month-to-month,79.05,Yes
5928-QLDHB,Male,0,9,No,No,Fiber optic,Month-to-month,76.25,No
4376-KFVRS,Male,0,72,Yes,Yes,Fiber optic,Two year,114.05,No
3528-HFRIQ,Male,1,71,Yes,No,DSL,Month-to-month,52.3,No
2718-YSKCS,Male,0,71,Yes,Yes,No,Two year,19.6,No
2434-EEVDB,Female,0,64,Yes,No,Fiber optic,Two year,94.6,No
6506-EYCNH,Female,0,28,Yes,Yes,No,Month-to-month,19.55,No
3396-DKDEL,Female,0,70,Yes,Yes,Fiber optic,Two year,115.15,No
3269-ATYWD,Male,1,39,No,No,Fiber optic,Month-to-month,95.65,Yes
1159-WFSGR,Female,0,16,Yes,Yes,No,Month-to-month,20.4,No
9835-ZIITK,Male,1,66,Yes,No,Fiber optic,One year,110.85,Yes
9279-CJEOJ,Female,1,21,No,No,Fiber optic,Month-to-month,95.4,No
4720-VSTSI,Female,0,44,No,No,Fiber optic,Month-to-month,84.8,Yes
1360-JYXKQ,Female,1,54,Yes,No,Fiber optic,One year,99.1,No
8388-FYNPZ,Male,0,4,No,No,DSL,Month-to-month,56.75,No
7868-TMWMZ,Female,1,60,Yes,No,Fiber optic,Two year,110.0,No
3466-RITXD,Male,0,26,No,No,Fiber optic,Month-to-month,92.4,No
6427-FEFIG,Female,0,24,Yes,Yes,DSL,Two year,78.6,No
6518-PPLMZ,Male,0,53,Yes,Yes,No,Two year,19.4,No
6762-NSODU,Female,0,46,Yes,Yes,No,Two year,19.4,No
4355-CVPVS,Female,0,56,Yes,Yes,Fiber optic,One year,88.9,No
7629-WIXZF,Female,0,7,No,No,DSL,One year,59.1,No
3049-NDXFL,Female,0,1,No,No,Fiber optic,Month-to-month,85.8,Yes
3566-HJGPK,Male,0,1,No,No,DSL,Month-to-month,45.55,No
1460-UZPRJ,Male,0,60,Yes,No,No,Two year,19.95,No
3712-PKXZA,Male,0,61,Yes,No,No,One year,20.55,No
1623-NLDOT,Female,0,42,Yes,No,DSL,One year,33.55,Yes
5171-EPLKN,Male,0,27,No,No,No,Two year,19.85,No
5569-KGJHX,Female,0,9,Yes,Yes,Fiber optic,Month-to-month,85.35,Yes
7463-IFMQU,Female,0,72,Yes,No,No,Two year,20.05,No
3178-CIFOT,Female,0,23,No,No,No,One year,19.65,No
1095-JUDTC,Female,1,47,No,No,Fiber optic,Month-to-month,95.05,Yes
3719-TDVQB,Female,1,54,Yes,No,No,Two year,18.95,No
4929-XIHVW,Male,1,2,Yes,No,Fiber optic,Month-to-month,95.5,No
8106-GWQOK,Male,0,38,Yes,No,DSL,Two year,60.0,No
4128-ETESU,Female,1,47,Yes,No,Fiber optic,Month-to-month,99.7,No
0661-WCQNQ,Male,0,22,Yes,No,DSL,One year,56.25,No
4927-WWOOZ,Male,0,2,Yes,No,Fiber optic,Month-to-month,91.45,No
7564-GHCVB,Female,0,72,Yes,Yes,Fiber optic,Two year,79.05,No
3445-HXXGF,Male,1,58,Yes,No,DSL,Month-to-month,45.3,Yes
6670-MFRPK,Male,0,69,Yes,Yes,Fiber optic,Two year,79.2,No
6890-PFRQX,Male,0,18,No,No,DSL,Month-to-month,69.5,No
1552-CZCLL,Female,0,55,Yes,Yes,No,Month-to-month,20.0,No
2014-MKGMH,Female,0,46,No,No,Fiber optic,One year,101.1,No
0303-WMMRN,Male,0,5,No,No,No,Month-to-month,19.25,No
3806-DXQOM,Female,0,4,No,No,DSL,Month-to-month,33.65,Yes
1724-BQUHA,Male,1,5,No,No,Fiber optic,Month-to-month,89.5,Yes
2580-ATZSQ,Female,0,65,Yes,Yes,DSL,One year,61.35,No
7945-PRBVF,Male,0,35,No,No,No,Two year,21.45,No
3898-GUYTS,Female,1,45,No,No,Fiber optic,Month-to-month,97.05,No
2832-SCUCO,Female,0,2,No,No,No,Month-to-month,19.9,No
9779-DPNEJ,Female,0,22,Yes,Yes,Fiber optic,Month-to-month,80.15,No
4915-BFSXL,Male,0,70,Yes,Yes,DSL,Two year,68.95,No
5018-LXQQG,Female,0,30,Yes,Yes,DSL,Month-to-month,66.3,No
1698-XFZCI,Male,0,61,No,No,Fiber optic,One year,107.75,No
1872-EBWSC,Female,0,29,No,No,No,One year,20.35,No
4446-BZKHU,Male,0,61,Yes,No,Fiber optic,Month-to-month,105.55,Yes
4607-CHPCA,Male,0,25,Yes,Yes,Fiber optic,One year,90.4,Yes
9475-NNDGC,Male,0,71,Yes,No,Fiber optic,One year,113.15,No
3841-CONLJ,Female,0,1,Yes,No,DSL,Month-to-month,35.0,No
2294-DMMUS,Female,0,62,Yes,Yes,DSL,Month-to-month,70.45,No
5921-NGYRH,Male,0,64,Yes,No,Fiber optic,Month-to-month,73.55,No
1897-OKVMW,Female,0,64,Yes,Yes,DSL,Two year,90.6,No
5117-IFGPS,Male,1,29,Yes,No,Fiber optic,Month-to-month,84.3,No
3866-MDTUB,Female,0,2,No,No,DSL,Month-to-month,70.75,Yes
1194-SPVSP,Male,0,1,No,No,No,Month-to-month,19.65,No
6905-NIQIN,Male,0,1,No,No,DSL,Month-to-month,50.65,Yes
6813-GZQCG,Female,0,45,Yes,Yes,No,Two year,24.65,No
9896-UYMIE,Male,0,66,No,No,Fiber optic,One year,114.3,No
8849-GYOKR,Female,0,54,Yes,No,Fiber optic,One year,106.55,Yes
5816-JMLGY,Female,0,70,Yes,Yes,DSL,Two year,80.4,No
3990-QYKBE,Male,1,37,Yes,No,Fiber optic,Month-to-month,92.5,Yes
6161-UUUTA,Male,1,3,No,No,Fiber optic,Month-to-month,79.9,Yes
0396-UKGAI,Male,0,23,No,Yes,DSL,Month-to-month,55.3,No
0512-FLFDW,Female,1,60,Yes,No,Fiber optic,One year,100.5,No
2946-KIQSP,Female,0,35,No,No,DSL,Month-to-month,33.45,No
0187-WZNAB,Female,0,27,Yes,Yes,Fiber optic,Month-to-month,74.4,No
6867-ACCZI,Female,0,24,Yes,Yes,DSL,Two year,52.5,No
7024-OHCCK,Female,1,2,No,No,Fiber optic,Month-to-month,93.85,Yes
6481-OGDOO,Male,0,67,Yes,No,Fiber optic,One year,90.6,Yes
7377-DMMRI,Male,0,2,No,No,DSL,Month-to-month,47.8,Yes
1963-VAUKV,Female,0,1,No,No,No,Month-to-month,20.4,Yes
5919-TMRGD,Female,0,1,No,Yes,Fiber optic,Month-to-month,79.35,Yes
6994-ORCWG,Female,0,14,No,No,DSL,One year,54.25,No
5144-TVGLP,Male,1,38,No,No,Fiber optic,Month-to-month,94.75,No
0328-GRPMV,Female,0,1,No,No,Fiber optic,Month-to-month,70.1,Yes
2905-KFQUV,Female,0,2,Yes,No,Fiber optic,Month-to-month,70.4,No
8637-XJIVR,Female,0,12,No,No,Fiber optic,Month-to-month,78.95,Yes
5150-LJNSR,Male,0,31,Yes,Yes,Fiber optic,One year,98.05,No
4826-DXMUP,Male,0,35,No,Yes,DSL,One year,72.1,No
3518-FSTWG,Male,1,72,Yes,No,Fiber optic,Two year,109.55,No
2929-ERCFZ,Female,0,8,Yes,Yes,Fiber optic,Month-to-month,94.2,Yes
1455-UGQVH,Male,0,10,Yes,No,Fiber optic,Month-to-month,98.5,Yes
8485-GJCDN,Female,1,5,No,No,Fiber optic,Month-to-month,69.05,Yes
0459-SPZHJ,Male,0,63,Yes,Yes,DSL,Two year,83.5,No
2169-RRLFW,Female,0,71,Yes,No,No,Two year,25.6,No
8818-DOPVL,Female,1,46,No,No,Fiber optic,Month-to-month,104.45,No
1207-BLKSA,Female,0,52,Yes,Yes,No,Two year,23.05,No
7593-XFKDI,Male,0,1,No,No,DSL,Month-to-month,46.3,Yes
5393-RXQSZ,Male,0,1,No,No,Fiber optic,Month-to-month,79.6,Yes
5183-KLYEM,Female,0,72,No,No,Fiber optic,Two year,112.75,No
0923-PNFUB,Female,0,3,No,No,Fiber optic,Month-to-month,83.75,Yes
4134-BSXLX,Male,0,28,Yes,No,DSL,Month-to-month,60.9,No
1452-XRSJV,Female,0,39,Yes,Yes,DSL,Month-to-month,51.05,No
4213-HKBJO,Female,0,33,No,No,No,Two year,25.7,No
7750-EYXWZ,Female,0,12,No,No,DSL,One year,60.65,No
7180-PISOG,Male,0,1,Yes,Yes,Fiber optic,Month-to-month,74.5,Yes
1356-MKYSK,Male,0,6,No,No,DSL,Month-to-month,78.65,No
1212-GLHMD,Male,0,3,No,No,Fiber optic,Month-to-month,86.05,No
7228-OMTPN,Male,0,4,No,No,Fiber optic,Month-to-month,88.45,Yes
7682-AZNDK,Male,0,34,Yes,Yes,Fiber optic,Month-to-month,89.85,No
6286-SUUWT,Male,0,1,No,No,No,Month-to-month,19.95,No
3500-RMZLT,Female,1,15,No,No,Fiber optic,Month-to-month,96.3,Yes
4729-XKASR,Male,0,1,No,Yes,DSL,Month-to-month,24.75,Yes
8364-TRMMK,Female,0,3,No,No,DSL,Month-to-month,50.65,Yes
1000-AJSLD,Male,0,1,No,No,No,Month-to-month,20.1,Yes
4393-OBCRR,Female,0,3,No,No,No,One year,20.25,No
0942-KOWSM,Female,0,30,Yes,Yes,DSL,Two year,80.8,No
0870-VEMYL,Female,0,5,No,No,DSL,Month-to-month,53.85,Yes
3454-JFUBC,Male,1,68,No,No,No,Two year,20.0,No
2592-YKDIF,Female,0,1,No,No,No,Month-to-month,20.35,No
6941-PMGEP,Female,0,5,No,No,Fiber optic,Month-to-month,80.0,Yes
0511-JTEOY,Female,0,1,No,No,Fiber optic,Month-to-month,71.1,Yes
4323-ELYYB,Male,0,13,Yes,Yes,No,One year,20.0,No
9500-LTVBP,Female,0,35,No,No,Fiber optic,Month-to-month,80.05,No
8120-JDCAM,Male,0,4,Yes,Yes,Fiber optic,Month-to-month,69.55,No
1335-NTIUC,Male,0,9,No,No,DSL,Month-to-month,24.95,No
6563-VNPMN,Female,1,45,No,No,Fiber optic,Month-to-month,85.7,No
0668-OGMHD,Female,0,21,Yes,No,DSL,Month-to-month,28.5,No
0311-UNPFF,Female,0,26,No,No,Fiber optic,Month-to-month,88.8,Yes
9282-IZGQK,Female,0,1,No,No,Fiber optic,Month-to-month,85.0,Yes
4695-WJZUE,Female,1,2,No,No,Fiber optic,Month-to-month,88.55,Yes
5527-ACHSO,Female,0,11,No,No,DSL,Month-to-month,70.5,No
5140-FOMCQ,Female,0,59,Yes,No,Fiber optic,One year,109.15,No
0410-IPFTY,Female,0,31,Yes,No,Fiber optic,Month-to-month,83.85,No
1333-PBMXB,Female,0,54,Yes,Yes,No,One year,24.75,No
1915-OAKWD,Female,0,16,No,Yes,No,One year,19.3,No
5707-ORNDZ,Male,1,9,No,No,DSL,Month-to-month,54.55,Yes
7969-AULMZ,Female,0,21,No,No,Fiber optic,Month-to-month,97.35,Yes
2700-LUEVA,Male,0,1,No,No,No,Month-to-month,20.75,No
9099-FTUHS,Female,0,23,No,No,DSL,Month-to-month,54.4,No
8699-ASUFO,Male,1,7,Yes,No,Fiber optic,Month-to-month,74.4,Yes
7181-OQCUT,Male,0,21,No,No,Fiber optic,Month-to-month,103.85,No
3096-YXENJ,Female,0,65,Yes,No,Fiber optic,Two year,107.65,No
2495-INZWQ,Male,0,4,No,No,DSL,Month-to-month,44.55,Yes
2193-SFWQW,Male,0,72,Yes,Yes,Fiber optic,Two year,111.95,No
3908-MKIMJ,Male,1,68,Yes,No,DSL,Two year,41.95,No
6736-DHUQI,Female,0,67,Yes,Yes,Fiber optic,One year,84.8,No
2868-MZAGQ,Male,0,1,No,No,Fiber optic,Month-to-month,79.25,Yes
8905-IAZPF,Female,0,69,Yes,No,Fiber optic,One year,95.65,No
1215-FIGMP,Male,0,60,No,No,Fiber optic,Month-to-month,89.9,No
0772-GYEQQ,Male,0,3,No,No,Fiber optic,Month-to-month,88.35,Yes
9995-HOTOH,Male,0,63,Yes,Yes,DSL,Two year,59.0,No
7579-KKLOE,Male,0,71,Yes,Yes,DSL,Two year,91.25,No
3594-UVONA,Female,0,35,No,No,DSL,One year,85.95,Yes
6641-XRPSU,Female,0,34,No,No,Fiber optic,Month-to-month,70.0,Yes
5707-ZMDJP,Male,0,53,Yes,Yes,DSL,Two year,69.7,No
3307-TLCUD,Male,0,17,Yes,No,DSL,Month-to-month,34.4,No
4797-AXPXK,Female,0,1,No,Yes,DSL,Month-to-month,60.0,Yes
4869-EPIUS,Male,0,56,Yes,No,Fiber optic,One year,80.9,No
8563-IIOXK,Male,0,7,Yes,Yes,DSL,One year,49.75,Yes
2773-OVBPK,Male,0,67,Yes,No,Fiber optic,Two year,111.3,No
1353-LJWEM,Male,0,11,No,No,DSL,Month-to-month,60.9,No
5868-YTYKS,Male,0,1,No,Yes,No,Month-to-month,20.25,No
8713-IGZSO,Male,0,2,No,No,No,Month-to-month,24.85,No
6050-FFXES,Female,0,69,Yes,No,Fiber optic,Two year,105.35,No
9300-RENDD,Male,0,1,No,No,Fiber optic,Month-to-month,79.95,Yes
4183-MYFRB,Female,0,21,No,No,Fiber optic,Month-to-month,90.05,No
3339-EAQNV,Male,1,72,Yes,No,Fiber optic,One year,97.25,No
2545-EBUPK,Female,1,2,No,No,Fiber optic,Month-to-month,84.05,No
4990-ALDGW,Male,0,57,No,No,No,Two year,20.75,No
0970-ETWGE,Male,0,1,No,No,Fiber optic,Month-to-month,89.55,Yes
3671-SHRSP,Male,0,4,Yes,No,Fiber optic,Month-to-month,80.6,Yes
2308-STERM,Female,0,2,No,No,No,Month-to-month,19.4,No
1219-NNDDO,Female,0,9,No,No,Fiber optic,Month-to-month,76.85,No
3508-CFVZL,Female,0,71,No,No,Fiber optic,Two year,111.3,No
3387-PLKUI,Female,0,13,Yes,Yes,No,Month-to-month,18.8,No
9702-AIUJO,Male,0,50,Yes,Yes,DSL,One year,44.8,No
8337-UPOAQ,Male,1,10,Yes,No,Fiber optic,Month-to-month,89.8,Yes
1728-CXQBE,Male,1,64,Yes,No,Fiber optic,Month-to-month,94.25,No
5134-IKDAY,Female,0,1,Yes,Yes,Fiber optic,Month-to-month,69.8,Yes
9638-JIQYA,Male,0,2,No,No,DSL,Month-to-month,24.9,No
6647-ZEDXT,Female,0,30,No,No,Fiber optic,One year,110.45,No
1579-KLYDT,Male,0,7,No,No,Fiber optic,Month-to-month,90.45,Yes
3985-HOYPM,Male,0,26,No,No,No,One year,19.4,No
6705-LNMDD,Male,0,20,No,No,DSL,Month-to-month,50.0,No
6917-FIJHC,Female,0,72,Yes,No,No,Two year,26.0,No
4640-UHDOS,Female,0,13,Yes,Yes,DSL,Month-to-month,55.95,Yes
1414-YADCW,Male,0,70,Yes,No,Fiber optic,Two year,84.6,No
5960-MVTUK,Male,0,3,No,No,DSL,Month-to-month,29.75,No
0637-KVDLV,Male,0,2,No,No,Fiber optic,Month-to-month,76.5,Yes
5451-YHYPW,Female,1,72,Yes,No,Fiber optic,Two year,115.75,No
5813-UECBU,Male,1,33,No,No,Fiber optic,Month-to-month,83.85,Yes
9947-OTFQU,Male,1,15,No,No,Fiber optic,Month-to-month,74.4,Yes
1816-FLZDK,Male,0,1,No,No,DSL,Month-to-month,29.15,No
3005-NFMTA,Male,1,55,No,No,Fiber optic,Month-to-month,98.8,Yes
4710-NKCAW,Male,0,5,Yes,Yes,DSL,Month-to-month,64.4,No
4290-BSXUX,Male,0,3,Yes,No,Fiber optic,Month-to-month,79.65,Yes
6266-QHOJZ,Female,0,65,No,No,Fiber optic,One year,89.85,No
6047-SUHPR,Male,0,39,Yes,Yes,DSL,One year,59.8,No
6010-DDPPW,Male,0,70,Yes,No,No,Two year,25.15,No
4374-YMUSQ,Male,0,34,No,No,Fiber optic,One year,116.25,No
1958-RNRKS,Male,0,30,Yes,No,DSL,Month-to-month,49.9,No
7176-WIONM,Female,0,12,Yes,No,DSL,Month-to-month,49.85,No
9483-GCPWE,Male,0,9,No,Yes,No,One year,20.1,No
1264-FUHCX,Female,0,49,Yes,No,DSL,One year,56.3,No
8887-IPQNC,Female,0,7,Yes,No,DSL,Month-to-month,44.25,No
2921-XWDJH,Female,1,38,Yes,No,Fiber optic,Month-to-month,83.45,No
5574-NXZIU,Male,0,63,No,No,Fiber optic,Two year,109.2,No
8644-XLFBW,Male,1,1,No,No,Fiber optic,Month-to-month,71.65,Yes
4811-JBUVU,Male,0,30,No,No,Fiber optic,Month-to-month,89.9,No
8970-ANWXO,Female,0,23,No,No,DSL,One year,73.75,No
0602-DDUML,Female,0,57,No,No,DSL,Two year,69.75,No
5671-RQRLP,Female,1,70,Yes,No,Fiber optic,Two year,75.65,No
9959-WOFKT,Male,0,71,No,Yes,Fiber optic,Two year,106.7,No
1208-NBVFH,Male,0,20,Yes,Yes,DSL,Month-to-month,49.6,No
6976-BWGLQ,Female,0,72,Yes,Yes,No,Two year,25.2,No
2178-PMGCJ,Male,0,22,No,No,Fiber optic,Month-to-month,69.7,No
7610-TVOPG,Male,0,15,No,No,No,Month-to-month,26.35,No
7240-ETPTR,Female,0,9,Yes,No,DSL,Month-to-month,48.75,Yes
6518-LGAOV,Female,0,38,Yes,No,Fiber optic,Month-to-month,105.0,Yes
2826-DXLQO,Male,1,7,Yes,No,DSL,Month-to-month,29.8,No
5949-HGVJL,Female,0,26,Yes,No,DSL,Month-to-month,73.05,No
3489-VSFRD,Female,0,56,No,No,DSL,One year,60.25,No
2812-REYAT,Female,0,49,Yes,No,No,One year,20.05,No
9633-XQABV,Female,0,3,No,No,Fiber optic,Month-to-month,70.25,No
4102-OQUPX,Male,1,1,Yes,No,Fiber optic,Month-to-month,74.4,Yes
2900-PHPLN,Female,1,70,Yes,No,No,Two year,19.55,No
9894-QMIMJ,Female,0,23,No,No,DSL,One year,55.8,No
7596-ZYWBB,Female,0,65,No,No,DSL,Two year,59.6,No
5440-FLBQG,Male,1,69,Yes,No,Fiber optic,Two year,108.4,Yes
3063-QFSZL,Female,0,1,No,No,DSL,Month-to-month,55.4,Yes
4873-ILOLJ,Male,0,24,No,No,Fiber optic,Month-to-month,90.35,Yes
3003-CMDUU,Female,0,25,Yes,No,Fiber optic,Month-to-month,95.15,No
7279-NMVJC,Female,0,17,No,No,No,One year,19.9,No
6478-HRRCZ,Male,0,32,Yes,No,DSL,One year,70.5,No
3678-MNGZX,Male,0,68,Yes,Yes,No,Two year,19.95,No
5902-WBLSE,Female,0,70,Yes,Yes,No,Two year,20.15,No
7722-CVFXN,Male,0,54,Yes,Yes,Fiber optic,One year,105.2,No
2223-KAGMX,Female,0,15,No,No,No,Month-to-month,19.4,Yes
9803-FTJCG,Male,0,71,Yes,Yes,DSL,One year,66.85,No
6060-QBMGV,Male,0,70,Yes,No,No,Two year,19.85,No
2858-EIMXH,Female,1,53,Yes,No,Fiber optic,One year,95.85,No
4741-WWJQZ,Female,0,2,Yes,No,Fiber optic,Month-to-month,80.15,No
9845-PEEKO,Female,1,59,No,No,Fiber optic,Two year,79.2,No
9167-APMXZ,Female,0,22,No,No,Fiber optic,Month-to-month,84.15,No
9800-ONTFE,Female,0,22,Yes,Yes,Fiber optic,Month-to-month,75.8,No
3621-CHYVB,Female,0,57,Yes,No,DSL,Month-to-month,49.9,No
3177-LASXD,Female,0,1,No,No,Fiber optic,Month-to-month,71.35,Yes
1465-VINDH,Female,0,10,Yes,Yes,Fiber optic,Month-to-month,102.1,Yes
2055-SIFSS,Female,1,55,Yes,No,DSL,Month-to-month,51.65,No
0804-YGEQV,Female,0,43,Yes,Yes,No,One year,24.45,No
3346-BRMIS,Female,1,18,Yes,No,DSL,Month-to-month,48.35,Yes
3130-ICDUP,Female,0,2,No,Yes,Fiber optic,Month-to-month,80.55,No
0732-OCQOC,Female,0,52,Yes,Yes,No,Two year,25.05,No
4012-YCFAI,Male,0,60,Yes,No,DSL,Two year,61.35,No
7346-MEDWM,Female,0,59,No,No,Fiber optic,Month-to-month,83.25,No
7036-TYDEC,Female,0,69,No,No,Fiber optic,Two year,104.0,No
6615-NGGZJ,Male,0,14,No,No,Fiber optic,Month-to-month,100.55,Yes
3441-CGZJH,Female,0,43,Yes,Yes,DSL,One year,60.4,No
0208-BPQEJ,Female,0,12,Yes,Yes,No,Month-to-month,19.4,No
2229-DPMBI,Female,0,8,Yes,Yes,No,Two year,19.5,No
7159-FVYPK,Female,0,3,Yes,Yes,DSL,Month-to-month,69.15,No
7544-ZVIKX,Male,0,58,Yes,Yes,Fiber optic,One year,105.05,No
6366-XIVKZ,Female,0,13,Yes,Yes,DSL,Month-to-month,63.15,No
7137-NAXML,Male,0,23,No,No,No,One year,20.15,No
7126-RBHSD,Female,0,17,Yes,No,Fiber optic,Month-to-month,78.9,No
1428-IEDPR,Male,0,52,No,No,Fiber optic,Two year,109.3,No
9465-RWMXL,Male,0,32,Yes,No,Fiber optic,Month-to-month,78.9,Yes
2908-ZTPNF,Female,0,36,No,No,DSL,Month-to-month,34.85,No
4176-RELJR,Male,1,67,No,No,No,Two year,25.1,No
3001-UNBTL,Male,1,29,Yes,Yes,Fiber optic,Month-to-month,103.95,No
6067-NGCEU,Female,0,65,No,No,Fiber optic,Month-to-month,111.05,No
2479-BRAMR,Male,1,41,Yes,No,Fiber optic,Month-to-month,83.75,Yes
3161-ONRWK,Male,0,60,Yes,Yes,DSL,One year,65.85,No
6349-JDHQP,Female,0,53,No,No,No,Two year,19.85,No
1619-YWUBB,Female,0,68,Yes,No,No,Two year,24.95,No
2761-OCIAX,Male,1,2,No,No,Fiber optic,Month-to-month,74.7,Yes
2683-JXWQQ,Male,0,61,Yes,Yes,DSL,Month-to-month,33.6,No
9585-KKMFD,Male,0,41,Yes,Yes,No,Two year,20.0,No
7524-VRLPL,Male,1,69,No,No,DSL,Two year,74.1,No
3780-DDGSE,Male,1,35,Yes,Yes,DSL,Month-to-month,76.05,No
2207-OBZNX,Male,0,7,No,No,DSL,Month-to-month,51.0,Yes
0023-UYUPN,Female,1,50,Yes,No,No,One year,25.2,No
5975-BAICR,Male,0,36,Yes,Yes,DSL,One year,63.7,No
2669-OIDSD,Female,0,48,Yes,No,Fiber optic,Month-to-month,100.05,No
8146-QQKZH,Female,0,71,Yes,No,DSL,Two year,81.85,No
2307-FYNNL,Male,1,65,No,No,Fiber optic,Two year,109.05,No
2985-FMWYF,Female,0,23,No,No,Fiber optic,Month-to-month,93.5,No
5387-ASZNZ,Female,1,66,No,No,DSL,One year,63.85,No
5349-AZPEW,Female,0,5,Yes,Yes,DSL,Month-to-month,25.05,No
9481-IEBZY,Male,1,72,Yes,No,Fiber optic,Month-to-month,112.9,No
9818-XQCUV,Female,0,2,No,No,No,Month-to-month,20.35,No
3750-RNQKR,Female,0,12,No,No,No,Month-to-month,19.45,No
5442-UTCVD,Male,0,3,No,Yes,Fiber optic,Month-to-month,91.85,Yes
3649-JPUGY,Male,0,72,No,No,DSL,Two year,88.6,No
2195-VVRJF,Male,1,18,Yes,No,DSL,Month-to-month,59.1,No
1271-UODNO,Male,0,39,No,No,DSL,Two year,53.85,No
0118-JPNOY,Female,1,26,No,No,Fiber optic,Month-to-month,85.8,No
9499-XPZXM,Female,0,72,Yes,No,DSL,Two year,64.75,No
7343-EOBEU,Male,0,3,Yes,No,No,Month-to-month,23.6,No
3877-JRJIP,Male,0,1,No,No,DSL,Month-to-month,59.85,Yes
5498-TXHLF,Female,0,34,Yes,Yes,Fiber optic,Month-to-month,87.45,Yes
3969-GYXEL,Female,0,11,No,No,Fiber optic,Month-to-month,76.4,No
5730-DBDSI,Male,0,66,No,No,No,Two year,19.7,No
2868-SNELZ,Female,0,2,No,No,Fiber optic,Month-to-month,80.6,Yes
7797-EJMDP,Female,0,8,No,No,DSL,Month-to-month,66.05,No
4067-HLYQI,Female,0,33,No,No,Fiber optic,Month-to-month,70.4,No
4231-LZUYM,Female,0,72,Yes,No,No,Two year,25.65,No
3638-WEABW,Female,0,58,Yes,No,DSL,Two year,59.9,No
5060-TQUQN,Male,0,30,Yes,Yes,Fiber optic,Month-to-month,83.55,No
7802-EFKNY,Male,0,5,Yes,No,DSL,Month-to-month,24.95,Yes
7576-JMYWV,Female,1,46,Yes,Yes,Fiber optic,Month-to-month,110.2,No
3496-LFSZU,Male,0,4,Yes,No,Fiber optic,Month-to-month,70.5,No
4795-WRNVT,Female,0,40,No,No,DSL,Month-to-month,65.1,No
3938-YFPXD,Male,0,72,No,No,DSL,Two year,84.3,No
6651-AZVTJ,Male,0,49,Yes,Yes,Fiber optic,Month-to-month,99.8,Yes
3658-KIBGF,Female,0,1,No,No,DSL,Month-to-month,54.9,Yes
4143-HHPMK,Male,0,52,No,No,Fiber optic,Month-to-month,85.35,Yes
4821-WQOYN,Female,0,72,Yes,Yes,No,Two year,20.1,No
4291-HYEBC,Female,1,28,Yes,Yes,DSL,One year,39.1,No
8849-AYPTR,Male,0,33,Yes,No,Fiber optic,Month-to-month,91.25,No
3898-BSJYF,Female,0,10,No,Yes,DSL,One year,73.55,No
7562-GSUHK,Female,0,16,No,No,Fiber optic,Month-to-month,93.2,Yes
3523-QRQLL,Female,0,22,Yes,Yes,DSL,One year,69.5,Yes
9661-JALZV,Female,0,58,No,No,No,Two year,24.7,No
4670-TABXH,Male,0,72,Yes,No,Fiber optic,Two year,109.75,No
7966-YOTQW,Male,0,10,No,No,DSL,Month-to-month,54.5,No
3694-GLTJM,Female,0,5,No,No,No,Month-to-month,19.65,No
8835-VSDSE,Female,0,2,Yes,No,Fiber optic,Month-to-month,70.7,Yes
3721-CNEYS,Female,0,2,No,No,Fiber optic,Month-to-month,70.95,Yes
9667-TKTVZ,Female,0,2,No,No,DSL,Month-to-month,54.35,No
2927-CVULT,Female,0,53,Yes,Yes,Fiber optic,Two year,104.05,No
6595-YGXIT,Male,1,25,No,No,Fiber optic,Month-to-month,88.95,Yes
0864-FVJNJ,Female,0,64,Yes,Yes,Fiber optic,One year,113.35,No
4537-DKTAL,Female,0,2,No,No,DSL,Month-to-month,45.55,No
3466-WAESX,Male,0,16,No,Yes,DSL,Month-to-month,69.1,No
2483-XSSMZ,Female,0,39,No,No,DSL,One year,47.85,No
4163-KIUHY,Male,0,35,No,No,No,Month-to-month,25.6,No
8486-AYEQH,Female,0,31,No,No,Fiber optic,Month-to-month,76.05,No
0516-WJVXC,Female,0,5,No,No,DSL,Month-to-month,54.2,Yes
5304-EFJLP,Male,1,72,Yes,No,Fiber optic,Two year,111.65,No
4137-BTIKL,Male,0,2,No,No,Fiber optic,Month-to-month,90.75,No
2863-IMQDR,Female,0,61,No,No,DSL,Two year,89.65,No
2930-UOTMB,Female,0,31,No,No,DSL,Month-to-month,65.25,Yes
5673-TIYIB,Male,0,2,No,No,DSL,Month-to-month,40.4,Yes
3645-DEYGF,Male,0,1,No,Yes,No,Month-to-month,20.75,No
1099-GODLO,Female,0,1,Yes,Yes,No,Two year,20.35,No
1955-IBMMB,Male,0,59,No,No,No,Two year,20.2,No
6857-VWJDT,Female,0,1,No,No,Fiber optic,Month-to-month,95.65,Yes
6410-LEFEN,Female,0,9,No,No,DSL,Month-to-month,45.15,Yes
6692-UDPJC,Female,0,14,Yes,Yes,Fiber optic,Month-to-month,91.65,Yes
7858-GTZSP,Female,0,12,No,No,Fiber optic,Month-to-month,86.55,No
5232-NXPAY,Female,0,47,No,No,DSL,Two year,74.45,No
1355-KUSBG,Female,0,7,Yes,Yes,DSL,Month-to-month,48.8,No
1174-FGIFN,Female,0,28,Yes,Yes,Fiber optic,One year,90.45,No
8750-QWZAJ,Female,0,70,Yes,Yes,No,Two year,19.8,No
7850-THJMU,Female,0,26,Yes,Yes,No,Two year,19.65,No
0310-MVLET,Female,0,61,Yes,Yes,Fiber optic,Month-to-month,99.15,Yes
2623-DRYAM,Female,0,70,Yes,No,Fiber optic,One year,101.75,No
1905-OEILC,Female,0,1,No,No,No,Month-to-month,19.5,No
6899-PPEEA,Female,1,37,No,No,Fiber optic,Month-to-month,96.55,Yes
3104-OWCGK,Male,0,60,Yes,Yes,Fiber optic,One year,90.95,Yes
5287-QWLKY,Male,1,71,Yes,Yes,Fiber optic,Month-to-month,105.1,Yes
2603-HVKCG,Male,0,31,No,No,Fiber optic,Month-to-month,101.4,No
9845-QOMAD,Male,0,14,Yes,Yes,No,One year,19.75,No
4816-OKWNX,Male,0,50,Yes,Yes,Fiber optic,One year,103.4,No
9103-CXVOK,Male,0,1,Yes,Yes,No,Month-to-month,19.75,No
2845-AFFTX,Male,1,41,Yes,No,Fiber optic,Month-to-month,99.8,Yes
7776-QWNFX,Male,1,30,Yes,No,DSL,Month-to-month,50.4,Yes
1468-DEFNC,Male,1,64,Yes,Yes,No,Two year,24.4,No
7905-NJMXS,Male,1,7,Yes,No,DSL,Month-to-month,64.2,No
1866-OBPNR,Male,0,1,Yes,Yes,Fiber optic,Month-to-month,74.6,No
3720-DBRWL,Male,0,51,Yes,No,DSL,Two year,83.85,No
5073-RZGBK,Female,0,50,Yes,Yes,DSL,One year,80.05,No
0129-QMPDR,Male,0,44,Yes,Yes,No,One year,20.5,No
2560-PPCHE,Female,0,65,No,No,Fiber optic,One year,105.05,No
1496-GGSUK,Female,1,1,No,No,DSL,Month-to-month,25.7,Yes
4671-LXRDQ,Male,0,2,No,No,DSL,Month-to-month,45.0,Yes
9432-RUVSL,Female,0,48,No,No,Fiber optic,Two year,102.5,No
3992-YWPKO,Female,0,6,No,No,Fiber optic,Month-to-month,109.9,Yes
8980-WQFWL,Female,0,35,No,No,DSL,Month-to-month,62.1,No
0212-ISBBF,Female,0,22,No,No,DSL,Month-to-month,50.35,No
7722-VJRQD,Male,0,72,Yes,Yes,DSL,Two year,60.95,No
4135-FRWKJ,Female,1,55,Yes,Yes,DSL,One year,76.25,No
5161-UBZXI,Male,0,69,Yes,Yes,Fiber optic,Two year,106.35,No
5327-XOKKY,Male,1,72,Yes,No,DSL,Two year,73.45,No
3988-RQIXO,Female,1,1,No,No,Fiber optic,Month-to-month,91.3,Yes
0479-HMSWA,Female,0,26,No,Yes,Fiber optic,Two year,105.45,No
6923-AQONU,Male,0,23,Yes,Yes,No,Two year,20.9,No
5562-YJQGT,Female,0,2,No,No,No,Month-to-month,20.35,No
7598-UAASY,Male,0,2,Yes,No,Fiber optic,Month-to-month,76.4,Yes
7251-LJBQN,Female,1,40,No,No,Fiber optic,One year,103.75,No
4910-GMJOT,Female,0,1,No,No,Fiber optic,Month-to-month,94.6,Yes
0257-ZESQC,Female,1,27,Yes,No,Fiber optic,Month-to-month,75.2,Yes
4765-OXPPD,Female,0,9,Yes,Yes,DSL,Month-to-month,65.0,Yes
6583-QGCSI,Female,1,50,Yes,No,Fiber optic,Month-to-month,88.05,Yes
9805-FILKB,Male,0,46,Yes,Yes,No,One year,20.2,No
2706-QZIHY,Female,0,15,Yes,No,No,Two year,25.2,No
7673-LPRNY,Female,0,23,No,No,DSL,One year,78.55,No
6778-YSNIH,Female,0,2,No,No,DSL,Month-to-month,59.0,No
9050-QLROH,Male,0,18,No,No,Fiber optic,Month-to-month,90.7,Yes
0707-HOVVN,Female,1,70,No,No,DSL,Two year,75.5,No
7102-JJVTX,Female,0,9,Yes,Yes,DSL,One year,48.6,No
1810-MVMAI,Male,0,30,Yes,Yes,DSL,Month-to-month,67.6,No
7993-NQLJE,Male,0,15,Yes,Yes,Fiber optic,Month-to-month,75.1,No
9281-OFDMF,Male,1,39,No,No,Fiber optic,Month-to-month,90.7,No
6789-HJBWG,Female,0,12,No,No,DSL,Month-to-month,49.4,No
2139-FQHLM,Male,0,19,No,No,Fiber optic,Month-to-month,89.95,No
3723-BFBGR,Male,1,24,No,No,DSL,Month-to-month,54.8,No
0639-TSIQW,Female,0,67,No,No,Fiber optic,Month-to-month,102.95,Yes
8626-PTQGE,Male,0,69,No,No,DSL,Two year,60.05,No
3541-ZNUHK,Female,0,55,Yes,Yes,Fiber optic,Month-to-month,85.1,No
4568-KNYWR,Male,0,52,No,No,DSL,Two year,63.25,No
9658-WYUFB,Female,0,17,No,No,Fiber optic,Month-to-month,94.4,Yes
0997-YTLNY,Female,0,19,No,Yes,DSL,Month-to-month,48.8,No
3208-YPIOE,Male,0,39,No,No,Fiber optic,Month-to-month,75.25,Yes
7707-PYBBH,Male,0,40,No,No,DSL,Month-to-month,61.9,No
9313-QOLTZ,Male,0,26,No,No,No,Month-to-month,20.9,No
6654-QGBZZ,Female,0,1,No,No,No,Month-to-month,19.9,No
6877-LGWXO,Male,1,18,Yes,No,Fiber optic,Month-to-month,78.55,Yes
8020-BWHYL,Female,1,15,No,No,Fiber optic,Month-to-month,75.3,Yes
3594-IVHJZ,Female,0,2,No,No,No,Month-to-month,20.45,No
9507-EXLTT,Female,0,1,Yes,No,Fiber optic,Month-to-month,79.35,Yes
9793-WECQC,Male,0,23,No,No,Fiber optic,Month-to-month,95.3,No
1266-NZYUI,Female,0,72,Yes,Yes,DSL,Two year,66.85,No
2342-CKIAO,Female,0,2,No,No,No,Month-to-month,20.3,No
6963-EZQEE,Male,1,70,Yes,No,DSL,Two year,88.55,No
2796-NNUFI,Female,0,46,Yes,Yes,No,Two year,19.95,No
3486-NPGST,Female,0,36,No,No,No,One year,19.55,No
9070-BCKQP,Female,0,72,Yes,No,Fiber optic,Two year,110.15,No
7742-MYPGI,Female,0,6,Yes,Yes,DSL,Month-to-month,48.8,No
9929-PLVPA,Female,0,4,No,Yes,No,Month-to-month,20.4,No
9124-LHCJQ,Female,0,1,No,No,Fiber optic,Month-to-month,85.45,Yes
2792-LSHWX,Female,0,1,No,No,Fiber optic,Month-to-month,83.4,No
9330-IJWIO,Female,0,13,No,No,Fiber optic,Month-to-month,100.35,Yes
0617-AQNWT,Female,0,64,Yes,No,DSL,Two year,47.85,Yes
0895-UADGO,Male,0,8,No,Yes,DSL,Two year,44.55,No
7255-SSFBC,Male,0,72,Yes,Yes,Fiber optic,Two year,112.25,No
5834-ASPWA,Male,0,1,No,No,Fiber optic,Month-to-month,75.45,Yes
4132-KALRO,Female,0,4,No,No,Fiber optic,Month-to-month,100.85,No
8064-RAVOH,Male,0,1,No,Yes,DSL,Month-to-month,49.85,No
8028-PNXHQ,Male,0,62,Yes,Yes,No,Two year,24.25,No
9508-ILZDG,Female,1,34,No,No,Fiber optic,Month-to-month,96.35,No
4361-JEIVL,Male,0,1,No,Yes,DSL,Month-to-month,44.4,Yes
2430-USGXP,Male,0,24,Yes,No,Fiber optic,Month-to-month,101.05,Yes
5965-GGPRW,Male,0,72,Yes,Yes,Fiber optic,Two year,105.25,No
2542-HYGIQ,Female,0,1,No,No,No,Month-to-month,19.95,No
1035-IPQPU,Female,1,63,Yes,No,Fiber optic,Month-to-month,103.5,No
3617-XLSGQ,Female,0,66,Yes,Yes,Fiber optic,Two year,109.25,No
9107-UKCKY,Male,0,61,Yes,No,DSL,One year,79.8,No
5146-YYFRZ,Male,0,67,No,No,No,Two year,19.95,No
5649-VUKMC,Female,0,12,No,No,Fiber optic,One year,95.5,Yes
3472-OAOOR,Male,0,19,Yes,Yes,DSL,Month-to-month,34.95,No
0397-ZXWQF,Male,0,67,No,No,No,Two year,20.5,No
1346-UFHAX,Female,0,13,No,No,Fiber optic,Month-to-month,80.0,No
7252-NTGSS,Female,0,1,No,No,DSL,Month-to-month,45.15,No
3198-VELRD,Female,0,3,Yes,Yes,Fiber optic,Month-to-month,84.75,Yes
3407-QGWLG,Male,0,3,No,Yes,No,Month-to-month,20.05,No
9874-QLCLH,Female,0,17,Yes,Yes,Fiber optic,Month-to-month,104.2,Yes
8668-KNZTI,Male,0,52,No,No,DSL,One year,53.75,No
8249-THVEC,Male,0,51,Yes,Yes,No,One year,19.4,No
6060-DRTNL,Female,1,5,No,No,Fiber optic,Month-to-month,84.85,Yes
6773-LQTVT,Female,1,29,Yes,Yes,DSL,Month-to-month,35.65,No
7853-GVUDZ,Female,0,1,Yes,Yes,No,Month-to-month,20.15,Yes
4897-QSUYC,Female,0,1,No,No,No,Month-to-month,20.15,Yes
5197-PYEPU,Female,0,42,Yes,Yes,Fiber optic,One year,94.45,No
3785-NRHYR,Male,0,1,No,No,No,Month-to-month,19.65,No
6087-MVHJH,Female,0,16,No,No,Fiber optic,Month-to-month,88.45,Yes
1685-VAYJF,Male,0,11,No,No,DSL,Month-to-month,45.2,No
9912-GVSEQ,Female,1,26,Yes,No,Fiber optic,Month-to-month,93.85,Yes
4636-OLWOE,Male,0,54,No,Yes,DSL,One year,61.0,No
9600-UDOPK,Male,0,30,Yes,No,Fiber optic,Month-to-month,94.05,Yes
8631-NBHFZ,Male,1,66,Yes,Yes,DSL,Two year,79.4,Yes
1053-MXTTK,Female,0,72,Yes,Yes,Fiber optic,Two year,108.65,No
3549-ZTMNH,Male,0,12,Yes,Yes,No,Two year,24.0,No
7825-ECJRF,Female,0,19,No,No,Fiber optic,Month-to-month,106.6,Yes
6439-LAJXL,Male,0,9,Yes,No,DSL,Month-to-month,68.95,No
4075-WKNIU,Female,0,0,Yes,Yes,DSL,Two year,73.35,No
8042-RNLKO,Male,0,66,No,No,No,One year,25.45,No
4881-JVQOD,Male,1,10,Yes,Yes,DSL,Month-to-month,34.55,No
9593-CVZKR,Female,0,56,Yes,Yes,No,Two year,24.45,No
9972-EWRJS,Female,0,67,Yes,Yes,No,Two year,19.25,No
9888-ZCUMM,Male,0,64,Yes,Yes,DSL,Two year,60.05,No
1265-ZFOSD,Female,0,64,Yes,No,DSL,Two year,81.3,No
6078-VESFR,Male,1,13,Yes,No,Fiber optic,Month-to-month,70.45,No
0306-JAELE,Male,0,5,No,No,Fiber optic,Month-to-month,96.1,Yes
7075-BNDVQ,Female,0,4,No,No,DSL,Month-to-month,35.0,No
2208-MPXIO,Female,0,45,Yes,Yes,No,Two year,20.0,No
3096-GKWEB,Male,0,18,Yes,No,Fiber optic,Month-to-month,94.75,No
7404-JLKQG,Female,0,3,No,No,DSL,Month-to-month,57.55,No
5049-GLYVG,Male,0,1,No,No,No,Month-to-month,20.6,Yes
6704-UTUKK,Male,0,29,Yes,No,DSL,Month-to-month,45.9,No
9397-TZSHA,Female,0,69,No,No,No,Two year,24.6,No
4686-UXDML,Female,0,21,No,No,Fiber optic,Month-to-month,99.85,No
3808-HFKDE,Female,0,20,No,No,DSL,Month-to-month,44.35,No
3580-HYCSP,Male,0,72,Yes,Yes,Fiber optic,Two year,110.3,No
9795-VOWON,Male,0,7,No,No,DSL,One year,24.35,No
2159-TURXX,Male,0,5,No,No,No,Month-to-month,20.05,No
0096-BXERS,Female,0,6,Yes,No,DSL,Month-to-month,50.35,No
6507-DTJZV,Male,0,13,No,Yes,DSL,Month-to-month,66.4,No
9962-BFPDU,Female,0,1,Yes,Yes,No,Month-to-month,20.05,No
4587-NUKOX,Female,0,3,No,No,Fiber optic,Month-to-month,79.1,Yes
4060-LDNLU,Male,0,7,No,No,Fiber optic,Month-to-month,96.2,No
2379-ENZGV,Male,0,6,No,No,Fiber optic,Month-to-month,84.85,Yes
4877-EVATK,Male,0,1,No,No,No,Month-to-month,20.0,Yes
9442-JTWDL,Female,0,11,No,No,No,One year,20.05,No
2748-MYRVK,Female,0,63,No,No,Fiber optic,One year,99.9,Yes
3966-HRMZA,Female,1,3,No,No,Fiber optic,Month-to-month,75.05,No
2862-JVEOY,Male,0,6,No,No,No,One year,19.15,No
9489-DEDVP,Female,0,70,Yes,Yes,DSL,Two year,69.2,No
9469-WEJBT,Male,0,37,Yes,No,Fiber optic,Month-to-month,90.35,No
2384-OVPSA,Female,1,38,No,No,No,Two year,20.2,No
